FSM,CoverageStrategy,ReductionStrategy,PrioritizationStrategy,SuiteSize,TotalSteps,PreReductionTotalSteps,ReductionRatio,ExecutionTimeSavings,StateCoverage,TransitionCoverage,MutationScore,KilledMutants,TotalMutants,APFD,GenerationTimeMs,MS_TransitionTargetMutation,MS_OutputMutation,MS_TransitionRemoval,MS_TransitionAddition,MS_InputMutation,MS_InitialStateMutation
Synthetic50FSM,StateCoverage,DuplicateRemoval,CoverageBasedPrioritization,49,135,135,0.0000,0.0000,1.0000,0.2450,0.1232,1361,11049,0.8725,10.32,0.1015,0.2450,0.2450,,0.2833,1.0000
Synthetic50FSM,StateCoverage,DuplicateRemoval,WeightedTransitionPrioritization,49,135,135,0.0000,0.0000,1.0000,0.2450,0.1232,1361,11049,0.8737,3.24,0.1015,0.2450,0.2450,,0.2833,1.0000
Synthetic50FSM,StateCoverage,CoveragePreservingReduction,CoverageBasedPrioritization,25,84,135,0.4898,0.3778,1.0000,0.2450,0.1232,1361,11049,0.7501,1.02,0.1015,0.2450,0.2450,,0.2833,1.0000
Synthetic50FSM,StateCoverage,CoveragePreservingReduction,WeightedTransitionPrioritization,25,84,135,0.4898,0.3778,1.0000,0.2450,0.1232,1361,11049,0.7486,0.84,0.1015,0.2450,0.2450,,0.2833,1.0000
Synthetic50FSM,StateCoverage,SimilarityReduction,CoverageBasedPrioritization,22,74,135,0.5510,0.4519,0.9000,0.2200,0.1125,1243,11049,0.7415,4.20,0.0928,0.2200,0.2200,,0.2550,1.0000
Synthetic50FSM,StateCoverage,SimilarityReduction,WeightedTransitionPrioritization,22,74,135,0.5510,0.4519,0.9000,0.2200,0.1125,1243,11049,0.7397,1.03,0.0928,0.2200,0.2200,,0.2550,1.0000
Synthetic50FSM,StateCoverage,MutationScorePreserving,CoverageBasedPrioritization,49,135,135,0.0000,0.0000,1.0000,0.2450,0.1232,1361,11049,0.8777,1471.67,0.1015,0.2450,0.2450,,0.2833,1.0000
Synthetic50FSM,StateCoverage,MutationScorePreserving,WeightedTransitionPrioritization,49,135,135,0.0000,0.0000,1.0000,0.2450,0.1232,1361,11049,0.8763,1630.48,0.1015,0.2450,0.2450,,0.2833,1.0000
Synthetic50FSM,TransitionCoverage,DuplicateRemoval,CoverageBasedPrioritization,200,740,740,0.0000,0.0000,1.0000,1.0000,0.3289,3634,11049,0.8265,6.56,0.2434,1.0000,1.0000,,1.0000,1.0000
Synthetic50FSM,TransitionCoverage,DuplicateRemoval,WeightedTransitionPrioritization,200,740,740,0.0000,0.0000,1.0000,1.0000,0.3289,3634,11049,0.8266,7.78,0.2434,1.0000,1.0000,,1.0000,1.0000
Synthetic50FSM,TransitionCoverage,CoveragePreservingReduction,CoverageBasedPrioritization,151,605,740,0.2450,0.1824,1.0000,1.0000,0.3289,3634,11049,0.7702,9.24,0.2434,1.0000,1.0000,,1.0000,1.0000
Synthetic50FSM,TransitionCoverage,CoveragePreservingReduction,WeightedTransitionPrioritization,151,605,740,0.2450,0.1824,1.0000,1.0000,0.3289,3634,11049,0.7703,10.85,0.2434,1.0000,1.0000,,1.0000,1.0000
Synthetic50FSM,TransitionCoverage,SimilarityReduction,CoverageBasedPrioritization,86,348,740,0.5700,0.5297,1.0000,0.6750,0.2895,3199,11049,0.7729,15.73,0.2341,0.6750,0.6750,,0.7517,1.0000
Synthetic50FSM,TransitionCoverage,SimilarityReduction,WeightedTransitionPrioritization,86,348,740,0.5700,0.5297,1.0000,0.6750,0.2895,3199,11049,0.7625,11.92,0.2341,0.6750,0.6750,,0.7517,1.0000
Synthetic50FSM,TransitionCoverage,MutationScorePreserving,CoverageBasedPrioritization,200,740,740,0.0000,0.0000,1.0000,1.0000,0.3289,3634,11049,0.8444,2150.00,0.2434,1.0000,1.0000,,1.0000,1.0000
Synthetic50FSM,TransitionCoverage,MutationScorePreserving,WeightedTransitionPrioritization,200,740,740,0.0000,0.0000,1.0000,1.0000,0.3289,3634,11049,0.8443,2110.61,0.2434,1.0000,1.0000,,1.0000,1.0000
Synthetic50FSM,TransitionPairCoverage,DuplicateRemoval,CoverageBasedPrioritization,712,3447,3447,0.0000,0.0000,1.0000,1.0000,0.9912,10952,11049,0.6992,117.76,0.9901,1.0000,1.0000,,1.0000,1.0000
Synthetic50FSM,TransitionPairCoverage,DuplicateRemoval,WeightedTransitionPrioritization,712,3447,3447,0.0000,0.0000,1.0000,1.0000,0.9912,10952,11049,0.7129,109.48,0.9901,1.0000,1.0000,,1.0000,1.0000
Synthetic50FSM,TransitionPairCoverage,CoveragePreservingReduction,CoverageBasedPrioritization,88,443,3447,0.8764,0.8715,1.0000,1.0000,0.5462,6035,11049,0.6969,41.45,0.4884,1.0000,1.0000,,1.0000,1.0000
Synthetic50FSM,TransitionPairCoverage,CoveragePreservingReduction,WeightedTransitionPrioritization,88,443,3447,0.8764,0.8715,1.0000,1.0000,0.5462,6035,11049,0.6981,41.50,0.4884,1.0000,1.0000,,1.0000,1.0000
Synthetic50FSM,TransitionPairCoverage,SimilarityReduction,CoverageBasedPrioritization,56,286,3447,0.9213,0.9170,1.0000,0.7500,0.4396,4857,11049,0.6948,42.61,0.3949,0.7500,0.7500,,0.8133,1.0000
Synthetic50FSM,TransitionPairCoverage,SimilarityReduction,WeightedTransitionPrioritization,56,286,3447,0.9213,0.9170,1.0000,0.7500,0.4396,4857,11049,0.6890,43.13,0.3949,0.7500,0.7500,,0.8133,1.0000
Synthetic50FSM,TransitionPairCoverage,MutationScorePreserving,CoverageBasedPrioritization,626,3012,3447,0.1208,0.1262,1.0000,1.0000,0.9912,10952,11049,0.7398,5018.13,0.9901,1.0000,1.0000,,1.0000,1.0000
Synthetic50FSM,TransitionPairCoverage,MutationScorePreserving,WeightedTransitionPrioritization,626,3012,3447,0.1208,0.1262,1.0000,1.0000,0.9912,10952,11049,0.7354,5080.31,0.9901,1.0000,1.0000,,1.0000,1.0000
Synthetic50FSM,SequenceCoverage(maxLen=3),DuplicateRemoval,CoverageBasedPrioritization,64,192,192,0.0000,0.0000,0.8200,0.3600,0.1313,1451,11049,0.7429,1.70,0.0990,0.3600,0.3600,,0.3600,1.0000
Synthetic50FSM,SequenceCoverage(maxLen=3),DuplicateRemoval,WeightedTransitionPrioritization,64,192,192,0.0000,0.0000,0.8200,0.3600,0.1313,1451,11049,0.6906,0.93,0.0990,0.3600,0.3600,,0.3600,1.0000
Synthetic50FSM,SequenceCoverage(maxLen=3),CoveragePreservingReduction,CoverageBasedPrioritization,53,159,192,0.1719,0.1719,0.8200,0.3600,0.1272,1405,11049,0.7146,1.81,0.0943,0.3600,0.3600,,0.3600,1.0000
Synthetic50FSM,SequenceCoverage(maxLen=3),CoveragePreservingReduction,WeightedTransitionPrioritization,53,159,192,0.1719,0.1719,0.8200,0.3600,0.1272,1405,11049,0.7172,1.11,0.0943,0.3600,0.3600,,0.3600,1.0000
Synthetic50FSM,SequenceCoverage(maxLen=3),SimilarityReduction,CoverageBasedPrioritization,49,147,192,0.2344,0.2344,0.8000,0.3400,0.1250,1381,11049,0.7089,1.78,0.0940,0.3400,0.3400,,0.3450,1.0000
Synthetic50FSM,SequenceCoverage(maxLen=3),SimilarityReduction,WeightedTransitionPrioritization,49,147,192,0.2344,0.2344,0.8000,0.3400,0.1250,1381,11049,0.7116,1.79,0.0940,0.3400,0.3400,,0.3450,1.0000
Synthetic50FSM,SequenceCoverage(maxLen=3),MutationScorePreserving,CoverageBasedPrioritization,61,183,192,0.0469,0.0469,0.8200,0.3600,0.1313,1451,11049,0.7827,1610.45,0.0990,0.3600,0.3600,,0.3600,1.0000
Synthetic50FSM,SequenceCoverage(maxLen=3),MutationScorePreserving,WeightedTransitionPrioritization,61,183,192,0.0469,0.0469,0.8200,0.3600,0.1313,1451,11049,0.7449,1610.63,0.0990,0.3600,0.3600,,0.3600,1.0000
Synthetic100FSM,StateCoverage,DuplicateRemoval,CoverageBasedPrioritization,99,323,323,0.0000,0.0000,1.0000,0.2475,0.1182,4976,42099,0.8860,1.91,0.1074,0.2475,0.2475,,0.2725,1.0000
Synthetic100FSM,StateCoverage,DuplicateRemoval,WeightedTransitionPrioritization,99,323,323,0.0000,0.0000,1.0000,0.2475,0.1182,4976,42099,0.8862,2.25,0.1074,0.2475,0.2475,,0.2725,1.0000
Synthetic100FSM,StateCoverage,CoveragePreservingReduction,CoverageBasedPrioritization,49,189,323,0.5051,0.4149,1.0000,0.2475,0.1182,4976,42099,0.7697,1.79,0.1074,0.2475,0.2475,,0.2725,1.0000
Synthetic100FSM,StateCoverage,CoveragePreservingReduction,WeightedTransitionPrioritization,49,189,323,0.5051,0.4149,1.0000,0.2475,0.1182,4976,42099,0.7643,2.01,0.1074,0.2475,0.2475,,0.2725,1.0000
Synthetic100FSM,StateCoverage,SimilarityReduction,CoverageBasedPrioritization,42,162,323,0.5758,0.4985,0.9100,0.2250,0.1119,4710,42099,0.7553,5.59,0.1021,0.2250,0.2250,,0.2483,1.0000
Synthetic100FSM,StateCoverage,SimilarityReduction,WeightedTransitionPrioritization,42,162,323,0.5758,0.4985,0.9100,0.2250,0.1119,4710,42099,0.7499,3.41,0.1021,0.2250,0.2250,,0.2483,1.0000
Synthetic100FSM,StateCoverage,MutationScorePreserving,CoverageBasedPrioritization,99,323,323,0.0000,0.0000,1.0000,0.2475,0.1182,4976,42099,0.8895,36020.10,0.1074,0.2475,0.2475,,0.2725,1.0000
Synthetic100FSM,StateCoverage,MutationScorePreserving,WeightedTransitionPrioritization,99,323,323,0.0000,0.0000,1.0000,0.2475,0.1182,4976,42099,0.8883,17597.64,0.1074,0.2475,0.2475,,0.2725,1.0000
Synthetic100FSM,TransitionCoverage,DuplicateRemoval,CoverageBasedPrioritization,400,1692,1692,0.0000,0.0000,1.0000,1.0000,0.2906,12234,42099,0.8539,25.87,0.2458,1.0000,1.0000,,1.0000,1.0000
Synthetic100FSM,TransitionCoverage,DuplicateRemoval,WeightedTransitionPrioritization,400,1692,1692,0.0000,0.0000,1.0000,1.0000,0.2906,12234,42099,0.8539,32.71,0.2458,1.0000,1.0000,,1.0000,1.0000
Synthetic100FSM,TransitionCoverage,CoveragePreservingReduction,CoverageBasedPrioritization,301,1369,1692,0.2475,0.1909,1.0000,1.0000,0.2906,12234,42099,0.8059,38.00,0.2458,1.0000,1.0000,,1.0000,1.0000
Synthetic100FSM,TransitionCoverage,CoveragePreservingReduction,WeightedTransitionPrioritization,301,1369,1692,0.2475,0.1909,1.0000,1.0000,0.2906,12234,42099,0.8059,42.66,0.2458,1.0000,1.0000,,1.0000,1.0000
Synthetic100FSM,TransitionCoverage,SimilarityReduction,CoverageBasedPrioritization,151,669,1692,0.6225,0.6046,0.9800,0.6100,0.2416,10173,42099,0.8112,44.99,0.2153,0.6100,0.6100,,0.6800,1.0000
Synthetic100FSM,TransitionCoverage,SimilarityReduction,WeightedTransitionPrioritization,151,669,1692,0.6225,0.6046,0.9800,0.6100,0.2416,10173,42099,0.8063,42.74,0.2153,0.6100,0.6100,,0.6800,1.0000
Synthetic100FSM,TransitionCoverage,MutationScorePreserving,CoverageBasedPrioritization,400,1692,1692,0.0000,0.0000,1.0000,1.0000,0.2906,12234,42099,0.8643,22647.95,0.2458,1.0000,1.0000,,1.0000,1.0000
Synthetic100FSM,TransitionCoverage,MutationScorePreserving,WeightedTransitionPrioritization,400,1692,1692,0.0000,0.0000,1.0000,1.0000,0.2906,12234,42099,0.8643,28710.50,0.2458,1.0000,1.0000,,1.0000,1.0000
Synthetic100FSM,TransitionPairCoverage,DuplicateRemoval,CoverageBasedPrioritization,1410,7612,7612,0.0000,0.0000,1.0000,1.0000,0.9898,41669,42099,0.6777,436.48,0.9891,1.0000,1.0000,,1.0000,1.0000
Synthetic100FSM,TransitionPairCoverage,DuplicateRemoval,WeightedTransitionPrioritization,1410,7612,7612,0.0000,0.0000,1.0000,1.0000,0.9898,41669,42099,0.7001,446.37,0.9891,1.0000,1.0000,,1.0000,1.0000
Synthetic100FSM,TransitionPairCoverage,CoveragePreservingReduction,CoverageBasedPrioritization,176,985,7612,0.8752,0.8706,1.0000,1.0000,0.5141,21642,42099,0.7254,160.52,0.4834,1.0000,1.0000,,1.0000,1.0000
Synthetic100FSM,TransitionPairCoverage,CoveragePreservingReduction,WeightedTransitionPrioritization,176,985,7612,0.8752,0.8706,1.0000,1.0000,0.5141,21642,42099,0.7185,165.09,0.4834,1.0000,1.0000,,1.0000,1.0000
Synthetic100FSM,TransitionPairCoverage,SimilarityReduction,CoverageBasedPrioritization,89,508,7612,0.9369,0.9333,0.9800,0.6300,0.3695,15557,42099,0.6948,164.70,0.3501,0.6300,0.6300,,0.6992,1.0000
Synthetic100FSM,TransitionPairCoverage,SimilarityReduction,WeightedTransitionPrioritization,89,508,7612,0.9369,0.9333,0.9800,0.6300,0.3695,15557,42099,0.6890,164.78,0.3501,0.6300,0.6300,,0.6992,1.0000
Synthetic100FSM,TransitionPairCoverage,MutationScorePreserving,CoverageBasedPrioritization,1317,7093,7612,0.0660,0.0682,1.0000,1.0000,0.9898,41669,42099,0.7250,38804.11,0.9891,1.0000,1.0000,,1.0000,1.0000
Synthetic100FSM,TransitionPairCoverage,MutationScorePreserving,WeightedTransitionPrioritization,1317,7093,7612,0.0660,0.0682,1.0000,1.0000,0.9898,41669,42099,0.7329,40681.16,0.9891,1.0000,1.0000,,1.0000,1.0000
Synthetic100FSM,SequenceCoverage(maxLen=3),DuplicateRemoval,CoverageBasedPrioritization,64,192,192,0.0000,0.0000,0.5800,0.2000,0.0601,2530,42099,0.7295,0.64,0.0493,0.2000,0.2000,,0.2000,1.0000
Synthetic100FSM,SequenceCoverage(maxLen=3),DuplicateRemoval,WeightedTransitionPrioritization,64,192,192,0.0000,0.0000,0.5800,0.2000,0.0601,2530,42099,0.7299,0.81,0.0493,0.2000,0.2000,,0.2000,1.0000
Synthetic100FSM,SequenceCoverage(maxLen=3),CoveragePreservingReduction,CoverageBasedPrioritization,61,183,192,0.0469,0.0469,0.5800,0.2000,0.0595,2503,42099,0.7241,1.10,0.0486,0.2000,0.2000,,0.2000,1.0000
Synthetic100FSM,SequenceCoverage(maxLen=3),CoveragePreservingReduction,WeightedTransitionPrioritization,61,183,192,0.0469,0.0469,0.5800,0.2000,0.0595,2503,42099,0.7244,1.20,0.0486,0.2000,0.2000,,0.2000,1.0000
Synthetic100FSM,SequenceCoverage(maxLen=3),SimilarityReduction,CoverageBasedPrioritization,56,168,192,0.1250,0.1250,0.5700,0.1875,0.0579,2437,42099,0.7251,1.86,0.0476,0.1875,0.1875,,0.1900,1.0000
Synthetic100FSM,SequenceCoverage(maxLen=3),SimilarityReduction,WeightedTransitionPrioritization,56,168,192,0.1250,0.1250,0.5700,0.1875,0.0579,2437,42099,0.7253,2.07,0.0476,0.1875,0.1875,,0.1900,1.0000
Synthetic100FSM,SequenceCoverage(maxLen=3),MutationScorePreserving,CoverageBasedPrioritization,64,192,192,0.0000,0.0000,0.5800,0.2000,0.0601,2530,42099,0.7945,12401.25,0.0493,0.2000,0.2000,,0.2000,1.0000
Synthetic100FSM,SequenceCoverage(maxLen=3),MutationScorePreserving,WeightedTransitionPrioritization,64,192,192,0.0000,0.0000,0.5800,0.2000,0.0601,2530,42099,0.7772,13119.27,0.0493,0.2000,0.2000,,0.2000,1.0000
TlsClientFSM,StateCoverage,DuplicateRemoval,CoverageBasedPrioritization,19,68,68,0.0000,0.0000,1.0000,0.5588,0.4415,1332,3017,0.8940,0.15,0.3220,0.5588,0.5588,0.0000,0.5621,1.0000
TlsClientFSM,StateCoverage,DuplicateRemoval,WeightedTransitionPrioritization,19,68,68,0.0000,0.0000,1.0000,0.5588,0.4415,1332,3017,0.8940,0.13,0.3220,0.5588,0.5588,0.0000,0.5621,1.0000
TlsClientFSM,StateCoverage,CoveragePreservingReduction,CoverageBasedPrioritization,8,32,68,0.5789,0.5294,1.0000,0.5588,0.4415,1332,3017,0.7483,0.09,0.3220,0.5588,0.5588,0.0000,0.5621,1.0000
TlsClientFSM,StateCoverage,CoveragePreservingReduction,WeightedTransitionPrioritization,8,32,68,0.5789,0.5294,1.0000,0.5588,0.4415,1332,3017,0.7483,0.10,0.3220,0.5588,0.5588,0.0000,0.5621,1.0000
TlsClientFSM,StateCoverage,SimilarityReduction,CoverageBasedPrioritization,8,32,68,0.5789,0.5294,1.0000,0.5588,0.4415,1332,3017,0.7483,0.29,0.3220,0.5588,0.5588,0.0000,0.5621,1.0000
TlsClientFSM,StateCoverage,SimilarityReduction,WeightedTransitionPrioritization,8,32,68,0.5789,0.5294,1.0000,0.5588,0.4415,1332,3017,0.7483,0.14,0.3220,0.5588,0.5588,0.0000,0.5621,1.0000
TlsClientFSM,StateCoverage,MutationScorePreserving,CoverageBasedPrioritization,8,32,68,0.5789,0.5294,1.0000,0.5588,0.4415,1332,3017,0.7496,54.35,0.3220,0.5588,0.5588,0.0000,0.5621,1.0000
TlsClientFSM,StateCoverage,MutationScorePreserving,WeightedTransitionPrioritization,8,32,68,0.5789,0.5294,1.0000,0.5588,0.4415,1332,3017,0.7496,64.42,0.3220,0.5588,0.5588,0.0000,0.5621,1.0000
TlsClientFSM,TransitionCoverage,DuplicateRemoval,CoverageBasedPrioritization,34,140,140,0.0000,0.0000,1.0000,1.0000,0.7789,2350,3017,0.8777,0.26,0.5557,1.0000,1.0000,0.0000,1.0000,1.0000
TlsClientFSM,TransitionCoverage,DuplicateRemoval,WeightedTransitionPrioritization,34,140,140,0.0000,0.0000,1.0000,1.0000,0.7789,2350,3017,0.8757,0.30,0.5557,1.0000,1.0000,0.0000,1.0000,1.0000
TlsClientFSM,TransitionCoverage,CoveragePreservingReduction,CoverageBasedPrioritization,15,72,140,0.5588,0.4857,1.0000,1.0000,0.7789,2350,3017,0.7228,0.24,0.5557,1.0000,1.0000,0.0000,1.0000,1.0000
TlsClientFSM,TransitionCoverage,CoveragePreservingReduction,WeightedTransitionPrioritization,15,72,140,0.5588,0.4857,1.0000,1.0000,0.7789,2350,3017,0.7184,0.27,0.5557,1.0000,1.0000,0.0000,1.0000,1.0000
TlsClientFSM,TransitionCoverage,SimilarityReduction,CoverageBasedPrioritization,13,58,140,0.6176,0.5857,1.0000,0.9412,0.7405,2234,3017,0.7193,0.33,0.5557,0.9412,0.9412,0.0000,0.9412,1.0000
TlsClientFSM,TransitionCoverage,SimilarityReduction,WeightedTransitionPrioritization,13,58,140,0.6176,0.5857,1.0000,0.9412,0.7405,2234,3017,0.7140,0.34,0.5557,0.9412,0.9412,0.0000,0.9412,1.0000
TlsClientFSM,TransitionCoverage,MutationScorePreserving,CoverageBasedPrioritization,15,72,140,0.5588,0.4857,1.0000,1.0000,0.7789,2350,3017,0.7237,76.76,0.5557,1.0000,1.0000,0.0000,1.0000,1.0000
TlsClientFSM,TransitionCoverage,MutationScorePreserving,WeightedTransitionPrioritization,15,72,140,0.5588,0.4857,1.0000,1.0000,0.7789,2350,3017,0.7191,74.35,0.5557,1.0000,1.0000,0.0000,1.0000,1.0000
TlsClientFSM,TransitionPairCoverage,DuplicateRemoval,CoverageBasedPrioritization,61,320,320,0.0000,0.0000,1.0000,1.0000,0.8724,2632,3017,0.8822,1.23,0.9923,1.0000,1.0000,0.0000,1.0000,1.0000
TlsClientFSM,TransitionPairCoverage,DuplicateRemoval,WeightedTransitionPrioritization,61,320,320,0.0000,0.0000,1.0000,1.0000,0.8724,2632,3017,0.8916,1.33,0.9923,1.0000,1.0000,0.0000,1.0000,1.0000
TlsClientFSM,TransitionPairCoverage,CoveragePreservingReduction,CoverageBasedPrioritization,12,66,320,0.8033,0.7937,1.0000,1.0000,0.7978,2407,3017,0.7145,0.72,0.6440,1.0000,1.0000,0.0000,1.0000,1.0000
TlsClientFSM,TransitionPairCoverage,CoveragePreservingReduction,WeightedTransitionPrioritization,12,66,320,0.8033,0.7937,1.0000,1.0000,0.7978,2407,3017,0.7145,0.74,0.6440,1.0000,1.0000,0.0000,1.0000,1.0000
TlsClientFSM,TransitionPairCoverage,SimilarityReduction,CoverageBasedPrioritization,10,51,320,0.8361,0.8406,1.0000,0.9118,0.7342,2215,3017,0.7145,0.78,0.6161,0.9118,0.9118,0.0000,0.9118,1.0000
TlsClientFSM,TransitionPairCoverage,SimilarityReduction,WeightedTransitionPrioritization,10,51,320,0.8361,0.8406,1.0000,0.9118,0.7342,2215,3017,0.7145,0.83,0.6161,0.9118,0.9118,0.0000,0.9118,1.0000
TlsClientFSM,TransitionPairCoverage,MutationScorePreserving,CoverageBasedPrioritization,24,130,320,0.6066,0.5938,1.0000,1.0000,0.8724,2632,3017,0.8071,105.61,0.9923,1.0000,1.0000,0.0000,1.0000,1.0000
TlsClientFSM,TransitionPairCoverage,MutationScorePreserving,WeightedTransitionPrioritization,24,130,320,0.6066,0.5938,1.0000,1.0000,0.8724,2632,3017,0.8043,116.78,0.9923,1.0000,1.0000,0.0000,1.0000,1.0000
TlsClientFSM,SequenceCoverage(maxLen=3),DuplicateRemoval,CoverageBasedPrioritization,7,21,21,0.0000,0.0000,0.5500,0.3529,0.2807,847,3017,0.6882,0.04,0.2043,0.3529,0.3529,0.0000,0.3529,1.0000
TlsClientFSM,SequenceCoverage(maxLen=3),DuplicateRemoval,WeightedTransitionPrioritization,7,21,21,0.0000,0.0000,0.5500,0.3529,0.2807,847,3017,0.6887,0.03,0.2043,0.3529,0.3529,0.0000,0.3529,1.0000
TlsClientFSM,SequenceCoverage(maxLen=3),CoveragePreservingReduction,CoverageBasedPrioritization,5,15,21,0.2857,0.2857,0.5500,0.3529,0.2807,847,3017,0.5635,0.03,0.2043,0.3529,0.3529,0.0000,0.3529,1.0000
TlsClientFSM,SequenceCoverage(maxLen=3),CoveragePreservingReduction,WeightedTransitionPrioritization,5,15,21,0.2857,0.2857,0.5500,0.3529,0.2807,847,3017,0.5638,0.03,0.2043,0.3529,0.3529,0.0000,0.3529,1.0000
TlsClientFSM,SequenceCoverage(maxLen=3),SimilarityReduction,CoverageBasedPrioritization,5,15,21,0.2857,0.2857,0.5500,0.3529,0.2807,847,3017,0.5635,0.05,0.2043,0.3529,0.3529,0.0000,0.3529,1.0000
TlsClientFSM,SequenceCoverage(maxLen=3),SimilarityReduction,WeightedTransitionPrioritization,5,15,21,0.2857,0.2857,0.5500,0.3529,0.2807,847,3017,0.5638,0.04,0.2043,0.3529,0.3529,0.0000,0.3529,1.0000
TlsClientFSM,SequenceCoverage(maxLen=3),MutationScorePreserving,CoverageBasedPrioritization,5,15,21,0.2857,0.2857,0.5500,0.3529,0.2807,847,3017,0.5666,50.86,0.2043,0.3529,0.3529,0.0000,0.3529,1.0000
TlsClientFSM,SequenceCoverage(maxLen=3),MutationScorePreserving,WeightedTransitionPrioritization,5,15,21,0.2857,0.2857,0.5500,0.3529,0.2807,847,3017,0.5666,51.02,0.2043,0.3529,0.3529,0.0000,0.3529,1.0000
MqttClientFSM,StateCoverage,DuplicateRemoval,CoverageBasedPrioritization,14,44,44,0.0000,0.0000,1.0000,0.4118,0.3394,803,2366,0.8374,0.07,0.2017,0.4118,0.4118,0.0000,0.4211,1.0000
MqttClientFSM,StateCoverage,DuplicateRemoval,WeightedTransitionPrioritization,14,44,44,0.0000,0.0000,1.0000,0.4118,0.3394,803,2366,0.8374,0.07,0.2017,0.4118,0.4118,0.0000,0.4211,1.0000
MqttClientFSM,StateCoverage,CoveragePreservingReduction,CoverageBasedPrioritization,7,25,44,0.5000,0.4318,1.0000,0.4118,0.3394,803,2366,0.6749,0.06,0.2017,0.4118,0.4118,0.0000,0.4211,1.0000
MqttClientFSM,StateCoverage,CoveragePreservingReduction,WeightedTransitionPrioritization,7,25,44,0.5000,0.4318,1.0000,0.4118,0.3394,803,2366,0.6749,0.06,0.2017,0.4118,0.4118,0.0000,0.4211,1.0000
MqttClientFSM,StateCoverage,SimilarityReduction,CoverageBasedPrioritization,7,25,44,0.5000,0.4318,1.0000,0.4118,0.3394,803,2366,0.6749,0.08,0.2017,0.4118,0.4118,0.0000,0.4211,1.0000
MqttClientFSM,StateCoverage,SimilarityReduction,WeightedTransitionPrioritization,7,25,44,0.5000,0.4318,1.0000,0.4118,0.3394,803,2366,0.6749,0.08,0.2017,0.4118,0.4118,0.0000,0.4211,1.0000
MqttClientFSM,StateCoverage,MutationScorePreserving,CoverageBasedPrioritization,7,25,44,0.5000,0.4318,1.0000,0.4118,0.3394,803,2366,0.6765,39.21,0.2017,0.4118,0.4118,0.0000,0.4211,1.0000
MqttClientFSM,StateCoverage,MutationScorePreserving,WeightedTransitionPrioritization,7,25,44,0.5000,0.4318,1.0000,0.4118,0.3394,803,2366,0.6765,35.09,0.2017,0.4118,0.4118,0.0000,0.4211,1.0000
MqttClientFSM,TransitionCoverage,DuplicateRemoval,CoverageBasedPrioritization,34,132,132,0.0000,0.0000,1.0000,1.0000,0.7929,1876,2366,0.8131,0.22,0.4118,1.0000,1.0000,0.0000,1.0000,1.0000
MqttClientFSM,TransitionCoverage,DuplicateRemoval,WeightedTransitionPrioritization,34,132,132,0.0000,0.0000,1.0000,1.0000,0.7929,1876,2366,0.8112,0.28,0.4118,1.0000,1.0000,0.0000,1.0000,1.0000
MqttClientFSM,TransitionCoverage,CoveragePreservingReduction,CoverageBasedPrioritization,20,88,132,0.4118,0.3333,1.0000,1.0000,0.7929,1876,2366,0.6823,0.26,0.4118,1.0000,1.0000,0.0000,1.0000,1.0000
MqttClientFSM,TransitionCoverage,CoveragePreservingReduction,WeightedTransitionPrioritization,20,88,132,0.4118,0.3333,1.0000,1.0000,0.7929,1876,2366,0.6676,0.30,0.4118,1.0000,1.0000,0.0000,1.0000,1.0000
MqttClientFSM,TransitionCoverage,SimilarityReduction,CoverageBasedPrioritization,13,53,132,0.6176,0.5985,1.0000,0.7941,0.6479,1533,2366,0.6857,0.32,0.4118,0.7941,0.7941,0.0000,0.7941,1.0000
MqttClientFSM,TransitionCoverage,SimilarityReduction,WeightedTransitionPrioritization,13,53,132,0.6176,0.5985,1.0000,0.7941,0.6479,1533,2366,0.6857,0.32,0.4118,0.7941,0.7941,0.0000,0.7941,1.0000
MqttClientFSM,TransitionCoverage,MutationScorePreserving,CoverageBasedPrioritization,20,88,132,0.4118,0.3333,1.0000,1.0000,0.7929,1876,2366,0.6835,59.00,0.4118,1.0000,1.0000,0.0000,1.0000,1.0000
MqttClientFSM,TransitionCoverage,MutationScorePreserving,WeightedTransitionPrioritization,20,88,132,0.4118,0.3333,1.0000,1.0000,0.7929,1876,2366,0.6686,69.41,0.4118,1.0000,1.0000,0.0000,1.0000,1.0000
MqttClientFSM,TransitionPairCoverage,DuplicateRemoval,CoverageBasedPrioritization,107,537,537,0.0000,0.0000,1.0000,1.0000,0.9112,2156,2366,0.9050,3.81,1.0000,1.0000,1.0000,0.0000,1.0000,1.0000
MqttClientFSM,TransitionPairCoverage,DuplicateRemoval,WeightedTransitionPrioritization,107,537,537,0.0000,0.0000,1.0000,1.0000,0.9112,2156,2366,0.8998,4.03,1.0000,1.0000,1.0000,0.0000,1.0000,1.0000
MqttClientFSM,TransitionPairCoverage,CoveragePreservingReduction,CoverageBasedPrioritization,16,82,537,0.8505,0.8473,1.0000,1.0000,0.8385,1984,2366,0.6784,1.41,0.6387,1.0000,1.0000,0.0000,1.0000,1.0000
MqttClientFSM,TransitionPairCoverage,CoveragePreservingReduction,WeightedTransitionPrioritization,16,82,537,0.8505,0.8473,1.0000,1.0000,0.8385,1984,2366,0.6782,1.44,0.6387,1.0000,1.0000,0.0000,1.0000,1.0000
MqttClientFSM,TransitionPairCoverage,SimilarityReduction,CoverageBasedPrioritization,14,71,537,0.8692,0.8678,1.0000,0.9412,0.7971,1886,2366,0.6691,1.51,0.6387,0.9412,0.9412,0.0000,0.9412,1.0000
MqttClientFSM,TransitionPairCoverage,SimilarityReduction,WeightedTransitionPrioritization,14,71,537,0.8692,0.8678,1.0000,0.9412,0.7971,1886,2366,0.6734,1.52,0.6387,0.9412,0.9412,0.0000,0.9412,1.0000
MqttClientFSM,TransitionPairCoverage,MutationScorePreserving,CoverageBasedPrioritization,35,180,537,0.6729,0.6648,1.0000,1.0000,0.9112,2156,2366,0.8103,135.27,1.0000,1.0000,1.0000,0.0000,1.0000,1.0000
MqttClientFSM,TransitionPairCoverage,MutationScorePreserving,WeightedTransitionPrioritization,35,180,537,0.6729,0.6648,1.0000,1.0000,0.9112,2156,2366,0.8067,126.44,1.0000,1.0000,1.0000,0.0000,1.0000,1.0000
MqttClientFSM,SequenceCoverage(maxLen=3),DuplicateRemoval,CoverageBasedPrioritization,9,27,27,0.0000,0.0000,0.6667,0.3529,0.2781,658,2366,0.6170,0.04,0.1176,0.3529,0.3529,0.0000,0.3529,1.0000
MqttClientFSM,SequenceCoverage(maxLen=3),DuplicateRemoval,WeightedTransitionPrioritization,9,27,27,0.0000,0.0000,0.6667,0.3529,0.2781,658,2366,0.6172,0.05,0.1176,0.3529,0.3529,0.0000,0.3529,1.0000
MqttClientFSM,SequenceCoverage(maxLen=3),CoveragePreservingReduction,CoverageBasedPrioritization,9,27,27,0.0000,0.0000,0.6667,0.3529,0.2781,658,2366,0.6170,0.04,0.1176,0.3529,0.3529,0.0000,0.3529,1.0000
MqttClientFSM,SequenceCoverage(maxLen=3),CoveragePreservingReduction,WeightedTransitionPrioritization,9,27,27,0.0000,0.0000,0.6667,0.3529,0.2781,658,2366,0.6172,0.06,0.1176,0.3529,0.3529,0.0000,0.3529,1.0000
MqttClientFSM,SequenceCoverage(maxLen=3),SimilarityReduction,CoverageBasedPrioritization,9,27,27,0.0000,0.0000,0.6667,0.3529,0.2781,658,2366,0.6170,0.08,0.1176,0.3529,0.3529,0.0000,0.3529,1.0000
MqttClientFSM,SequenceCoverage(maxLen=3),SimilarityReduction,WeightedTransitionPrioritization,9,27,27,0.0000,0.0000,0.6667,0.3529,0.2781,658,2366,0.6172,0.10,0.1176,0.3529,0.3529,0.0000,0.3529,1.0000
MqttClientFSM,SequenceCoverage(maxLen=3),MutationScorePreserving,CoverageBasedPrioritization,9,27,27,0.0000,0.0000,0.6667,0.3529,0.2781,658,2366,0.6420,34.43,0.1176,0.3529,0.3529,0.0000,0.3529,1.0000
MqttClientFSM,SequenceCoverage(maxLen=3),MutationScorePreserving,WeightedTransitionPrioritization,9,27,27,0.0000,0.0000,0.6667,0.3529,0.2781,658,2366,0.6413,30.24,0.1176,0.3529,0.3529,0.0000,0.3529,1.0000
TcpConnectionFSM,StateCoverage,DuplicateRemoval,CoverageBasedPrioritization,10,28,28,0.0000,0.0000,1.0000,0.5263,0.3845,258,671,0.8725,0.04,0.2947,0.5263,0.5263,0.0000,0.5395,1.0000
TcpConnectionFSM,StateCoverage,DuplicateRemoval,WeightedTransitionPrioritization,10,28,28,0.0000,0.0000,1.0000,0.5263,0.3845,258,671,0.8729,0.04,0.2947,0.5263,0.5263,0.0000,0.5395,1.0000
TcpConnectionFSM,StateCoverage,CoveragePreservingReduction,CoverageBasedPrioritization,4,16,28,0.6000,0.4286,1.0000,0.5263,0.3845,258,671,0.6812,0.04,0.2947,0.5263,0.5263,0.0000,0.5395,1.0000
TcpConnectionFSM,StateCoverage,CoveragePreservingReduction,WeightedTransitionPrioritization,4,16,28,0.6000,0.4286,1.0000,0.5263,0.3845,258,671,0.6822,0.04,0.2947,0.5263,0.5263,0.0000,0.5395,1.0000
TcpConnectionFSM,StateCoverage,SimilarityReduction,CoverageBasedPrioritization,4,16,28,0.6000,0.4286,1.0000,0.5263,0.3845,258,671,0.6812,0.05,0.2947,0.5263,0.5263,0.0000,0.5395,1.0000
TcpConnectionFSM,StateCoverage,SimilarityReduction,WeightedTransitionPrioritization,4,16,28,0.6000,0.4286,1.0000,0.5263,0.3845,258,671,0.6822,0.04,0.2947,0.5263,0.5263,0.0000,0.5395,1.0000
TcpConnectionFSM,StateCoverage,MutationScorePreserving,CoverageBasedPrioritization,4,16,28,0.6000,0.4286,1.0000,0.5263,0.3845,258,671,0.6851,5.54,0.2947,0.5263,0.5263,0.0000,0.5395,1.0000
TcpConnectionFSM,StateCoverage,MutationScorePreserving,WeightedTransitionPrioritization,4,16,28,0.6000,0.4286,1.0000,0.5263,0.3845,258,671,0.6851,5.31,0.2947,0.5263,0.5263,0.0000,0.5395,1.0000
TcpConnectionFSM,TransitionCoverage,DuplicateRemoval,CoverageBasedPrioritization,19,60,60,0.0000,0.0000,1.0000,1.0000,0.6990,469,671,0.8680,0.07,0.5158,1.0000,1.0000,0.0000,1.0000,1.0000
TcpConnectionFSM,TransitionCoverage,DuplicateRemoval,WeightedTransitionPrioritization,19,60,60,0.0000,0.0000,1.0000,1.0000,0.6990,469,671,0.8685,0.09,0.5158,1.0000,1.0000,0.0000,1.0000,1.0000
TcpConnectionFSM,TransitionCoverage,CoveragePreservingReduction,CoverageBasedPrioritization,9,32,60,0.5263,0.4667,1.0000,1.0000,0.6990,469,671,0.7213,0.07,0.5158,1.0000,1.0000,0.0000,1.0000,1.0000
TcpConnectionFSM,TransitionCoverage,CoveragePreservingReduction,WeightedTransitionPrioritization,9,32,60,0.5263,0.4667,1.0000,1.0000,0.6990,469,671,0.7225,0.08,0.5158,1.0000,1.0000,0.0000,1.0000,1.0000
TcpConnectionFSM,TransitionCoverage,SimilarityReduction,CoverageBasedPrioritization,8,29,60,0.5789,0.5167,1.0000,0.9474,0.6721,451,671,0.7163,0.10,0.5158,0.9474,0.9474,0.0000,0.9539,1.0000
TcpConnectionFSM,TransitionCoverage,SimilarityReduction,WeightedTransitionPrioritization,8,29,60,0.5789,0.5167,1.0000,0.9474,0.6721,451,671,0.7177,0.10,0.5158,0.9474,0.9474,0.0000,0.9539,1.0000
TcpConnectionFSM,TransitionCoverage,MutationScorePreserving,CoverageBasedPrioritization,9,32,60,0.5263,0.4667,1.0000,1.0000,0.6990,469,671,0.7246,8.02,0.5158,1.0000,1.0000,0.0000,1.0000,1.0000
TcpConnectionFSM,TransitionCoverage,MutationScorePreserving,WeightedTransitionPrioritization,9,32,60,0.5263,0.4667,1.0000,1.0000,0.6990,469,671,0.7246,8.81,0.5158,1.0000,1.0000,0.0000,1.0000,1.0000
TcpConnectionFSM,TransitionPairCoverage,DuplicateRemoval,CoverageBasedPrioritization,34,132,132,0.0000,0.0000,1.0000,1.0000,0.8361,561,671,0.8627,0.31,1.0000,1.0000,1.0000,0.0000,1.0000,1.0000
TcpConnectionFSM,TransitionPairCoverage,DuplicateRemoval,WeightedTransitionPrioritization,34,132,132,0.0000,0.0000,1.0000,1.0000,0.8361,561,671,0.8712,0.34,1.0000,1.0000,1.0000,0.0000,1.0000,1.0000
TcpConnectionFSM,TransitionPairCoverage,CoveragePreservingReduction,CoverageBasedPrioritization,8,32,132,0.7647,0.7576,1.0000,1.0000,0.7422,498,671,0.7199,0.20,0.6684,1.0000,1.0000,0.0000,1.0000,1.0000
TcpConnectionFSM,TransitionPairCoverage,CoveragePreservingReduction,WeightedTransitionPrioritization,8,32,132,0.7647,0.7576,1.0000,1.0000,0.7422,498,671,0.7199,0.21,0.6684,1.0000,1.0000,0.0000,1.0000,1.0000
TcpConnectionFSM,TransitionPairCoverage,SimilarityReduction,CoverageBasedPrioritization,7,28,132,0.7941,0.7879,1.0000,0.9474,0.7034,472,671,0.7249,0.22,0.6263,0.9474,0.9474,0.0000,0.9539,1.0000
TcpConnectionFSM,TransitionPairCoverage,SimilarityReduction,WeightedTransitionPrioritization,7,28,132,0.7941,0.7879,1.0000,0.9474,0.7034,472,671,0.7200,0.23,0.6263,0.9474,0.9474,0.0000,0.9539,1.0000
TcpConnectionFSM,TransitionPairCoverage,MutationScorePreserving,CoverageBasedPrioritization,14,57,132,0.5882,0.5682,1.0000,1.0000,0.8361,561,671,0.7947,12.38,1.0000,1.0000,1.0000,0.0000,1.0000,1.0000
TcpConnectionFSM,TransitionPairCoverage,MutationScorePreserving,WeightedTransitionPrioritization,14,57,132,0.5882,0.5682,1.0000,1.0000,0.8361,561,671,0.7971,11.77,1.0000,1.0000,1.0000,0.0000,1.0000,1.0000
TcpConnectionFSM,SequenceCoverage(maxLen=3),DuplicateRemoval,CoverageBasedPrioritization,10,30,30,0.0000,0.0000,0.6364,0.5789,0.4307,289,671,0.7763,0.03,0.3684,0.5789,0.5789,0.0000,0.5789,1.0000
TcpConnectionFSM,SequenceCoverage(maxLen=3),DuplicateRemoval,WeightedTransitionPrioritization,10,30,30,0.0000,0.0000,0.6364,0.5789,0.4307,289,671,0.7645,0.04,0.3684,0.5789,0.5789,0.0000,0.5789,1.0000
TcpConnectionFSM,SequenceCoverage(maxLen=3),CoveragePreservingReduction,CoverageBasedPrioritization,6,18,30,0.4000,0.4000,0.6364,0.5789,0.4277,287,671,0.6344,0.03,0.3579,0.5789,0.5789,0.0000,0.5789,1.0000
TcpConnectionFSM,SequenceCoverage(maxLen=3),CoveragePreservingReduction,WeightedTransitionPrioritization,6,18,30,0.4000,0.4000,0.6364,0.5789,0.4277,287,671,0.6344,0.04,0.3579,0.5789,0.5789,0.0000,0.5789,1.0000
TcpConnectionFSM,SequenceCoverage(maxLen=3),SimilarityReduction,CoverageBasedPrioritization,6,18,30,0.4000,0.4000,0.6364,0.5789,0.4277,287,671,0.6344,0.05,0.3579,0.5789,0.5789,0.0000,0.5789,1.0000
TcpConnectionFSM,SequenceCoverage(maxLen=3),SimilarityReduction,WeightedTransitionPrioritization,6,18,30,0.4000,0.4000,0.6364,0.5789,0.4277,287,671,0.6344,0.05,0.3579,0.5789,0.5789,0.0000,0.5789,1.0000
TcpConnectionFSM,SequenceCoverage(maxLen=3),MutationScorePreserving,CoverageBasedPrioritization,7,21,30,0.3000,0.3000,0.6364,0.5789,0.4307,289,671,0.6735,5.39,0.3684,0.5789,0.5789,0.0000,0.5789,1.0000
TcpConnectionFSM,SequenceCoverage(maxLen=3),MutationScorePreserving,WeightedTransitionPrioritization,7,21,30,0.3000,0.3000,0.6364,0.5789,0.4307,289,671,0.6878,5.89,0.3684,0.5789,0.5789,0.0000,0.5789,1.0000
